{"cameraMode":{"drawMode":0,"name":"Shaded","section":"Shading Mode"},"sceneLighting":true,"audioPlay":false,"sceneViewState":{"showFog":true,"showMaterialUpdate":false,"showSkybox":true,"showFlares":true,"showImageEffects":true,"showParticleSystems":true},"in2DMode":false,"pivot":{"x":248.6339874267578,"y":187.32131958007813,"z":112.4896240234375},"rotation":{"x":-0.061770226806402209,"y":0.0020928997546434404,"z":-0.00012953933037351817,"w":-0.9980885982513428},"size":824.4735717773438,"orthographic":false}